,Social?,Source,Filename,Quality,Start,End,# of People,Face visible?,Gender(s),Notes,Video Editing Notes,Sam's notes,Final (top five),
Arts Crafts,No,https://www.youtube.com/watch?v=h0jFOuE02W8,January Arts & Crafts Ideas for Elementary School Teachers,720p (HD),1:02,1:06,1,y,F,,n,,X,
Arts Crafts,No,https://www.youtube.com/watch?v=pqJ-pzRpWXs,DIY Crayon Art,720p (HD),1:46,1:50,1,y,M,Logo in bottom right corner,"Logo is pretty big, so cropping out the logo crops out the person's hands too. ",,,
Arts Crafts,No,https://www.youtube.com/watch?v=9hKxCu9pOPs,Fun Crafts for decorating the house,720p (HD),1:10,1:14,1,y,F,,n,,X,
Arts Crafts,No,https://www.youtube.com/watch?v=CrmSzMHXOmk,How to make a notice board Arts and crafts tutorial,720p (HD),3:01,3:05,1,y,F,,n,,X,
Arts Crafts,No,https://www.youtube.com/watch?v=GhV-RG2LiDU,Easy Arts & Crafts Ideas for Children #3,720p (HD),1:07,1:11,1,y,F,,cut out first few seconds because her forehead is cut out of the shot,,,
Arts Crafts,No,https://www.youtube.com/watch?v=GhV-RG2LiDU,Easy Arts & Crafts Ideas for Children #3,720p (HD),1:32,1:36,1,y,F,Same girl as in previous clip - choose one,n,,X,
Arts Crafts,No,https://www.youtube.com/watch?v=FbAKgOzJTRo,Grandma Knitting,720p (HD),0:16,0:20,1,y,F,,n,Camera is shaky; stabilized this one in iMovie,X,
Arts Crafts,No,https://www.youtube.com/watch?v=FbAKgOzJTRo,Grandma Knitting,720p (HD),0:03,0:07,1,y,F,Same person as in previous clip - choose one,n,Camera is shaky,,
Assembly line,Yes,https://www.youtube.com/watch?v=uewVCho0ZlI,Porsche 918 Spyder Production,720p (HD),5:58,6:02,2,y,,Assembling a car,n,,X,
Assembly line,Yes,https://www.youtube.com/watch?v=79TwUea8E4I,Porsche 911 Engine Production,720p (HD),1:30,1:34,~5,y,,Assembling a car,cut a few seconds in beginning,,,
Assembly line,Yes,https://www.youtube.com/watch?v=Mot4USqFTOo,The American Factory Worker,720p (HD),2:18,2:22,~10,y,,,cropped so faces are more visible,,X,
Assembly line,Yes,https://www.youtube.com/watch?v=Zt1Ra-upavk,2016 Nissan Maxima Assembly line,720p (HD),1:20,1:24,~3,y,,Logo in bottom right corner,cropped so faces are more visible,,X,
Assembly line,Yes,https://www.youtube.com/watch?v=Zt1Ra-upavk,2016 Nissan Maxima Assembly line,720p (HD),3:30,3:34,~3,y,,"Woman's face is obscured by body of car for some time, logo in bottom right corner",n,,,
Assembly line,Yes,https://www.youtube.com/watch?v=Zt1Ra-upavk,2016 Nissan Maxima Assembly line,720p (HD),4:30,4:34,"3 in focus, others in background",y,,Logo in bottom right corner,cropped so faces are more visible,,,
Assembly line,Yes,https://www.youtube.com/watch?v=5yInIqfyctM,MAN Trucks Assembly Line,720p (HD),2:21,2:25,3,y,,Logo in bottom right corner,"cut first few seconds, cropped so faces are more visible",,X,
Assembly line,Yes,https://www.youtube.com/watch?v=5yInIqfyctM,MAN Trucks Assembly Line,720p (HD),4:31,4:35,4,y,,Logo in bottom right corner,n,,,
Assembly line,Yes,https://www.youtube.com/watch?v=5yInIqfyctM,MAN Trucks Assembly Line,720p (HD),5:01,5:05,5,y,,Logo in bottom right corner,cut first few seconds,,X,
Board Game,Yes,https://www.youtube.com/watch?v=uUcNA3MhL5U,Bounce-off game - EvanTubeHD family game night,720p (HD),2:03,2:07,2,y,,,"cut first few seconds, cropped out logo",,X,
Board Game,Yes,https://www.youtube.com/watch?v=eT8baXQVXlI,Quick Cups - Family game night!!,720p (HD),0:51,0:55,7,y,,At 0:59 people try to press the buzzer (might be more clear that this is a clip of a game),cropped out logo,,X,
Board Game,Yes,https://www.youtube.com/watch?v=WqwvQGXrAbc,Stages of Every Game Night,720p (HD),1:00,1:04,2,y,,,cut first few seconds,,,
Board Game,Yes,https://www.youtube.com/watch?v=WqwvQGXrAbc,Stages of Every Game Night,720p (HD),1:51,1:55,2,y,,Same people as in prev clip - choose one,cut first few seconds,Cropped this to exclude foreground hair,X,
Board Game,Yes,https://www.youtube.com/watch?v=_yOJ4yo_KA8,Game night with a cool twist,720p (HD),0:52,0:56,4,y,,,n,,X,
Board Game,Yes,https://www.youtube.com/watch?v=cB9gDPPS2IA,Family Game Night (10.10.14 - Day 924),720p (HD),7:51,7:55,2,y,,logo in bottom right corner,camera zooms in ,,,
Board Game,Yes,https://www.youtube.com/watch?v=cB9gDPPS2IA,Family Game Night (10.10.14 - Day 924),720p (HD),8:16,8:20,3,y,,Same people as in prev clip - choose one,cropped so faces are more visible,,X,
Board Game,Yes,https://www.youtube.com/watch?v=RtmrsTyfI2I,GameNight! Episode 1 - King of Tokyo,720p (HD),4:29,4:33,2,y,,,n,,,
Conversation,Yes,https://www.youtube.com/watch?v=R4CjAySEftk,Why Do People Drink So Much Damn Water at the Gym!,720p (HD),0:09,0:13,2,y,,,n,,X,
Conversation,Yes,https://www.youtube.com/watch?v=0xd-Q9KAmcU,Crosscut saw felling timber,720p (HD),3:21,3:25,2,y,,Same person as in last clip: Choose one clip,cropped out logo,,,
Conversation,Yes,https://www.youtube.com/watch?v=bOKYvmKHJ5w,Women BFFs cut each other's hair pt 2,720p (HD),0:16,0:20,2,y,,"BuzzFeedVideo, one woman is touching the other woman's hair",cut a few seconds in beginning,,,
Conversation,Yes,https://www.youtube.com/watch?v=amNZyp53-WU,Chocolate Fudge Layer Cake,720p (HD),1:53,1:57,2,y,,,cropped so faces are more visible,,X,
Conversation,Yes,https://www.youtube.com/watch?v=UvKaLOxVcZw,College Couseling at CATS Academy Boston,720p (HD),1:06,1:10,2,y,,Two people waiting in line and talking to each other,cut a few seconds in beginning,,X,
Conversation,Yes,https://www.youtube.com/watch?v=AdcgQpMV8ck,Lia's Babysitting Nightmare,,0:38,0:42,2,y,,Older woman talking to younger girl. ,cropped so faces are more visible,,X,
Conversation,Yes,https://www.youtube.com/watch?v=dzX4O9dB17M,Taboo (The Board Game) - Super Fun Games Night,,4:49,4:53,4,y,,4 men talking around a table. Crop scorecard in bottom right corner. ,cropped out logo,,,
Conversation,Yes,https://www.youtube.com/watch?v=WqwvQGXrAbc,Stages of Every Game Night,,1:16,1:20,2,y,,Two men talking (arguing) on a couch. Different from people in other clips from the same video. ,n,,X,
Cooking,No,https://www.youtube.com/watch?v=JtHB-lJ0BD4,"One on One with Mohammed of Khartoun, Sudanese Restaurant",720p (HD),8:05,8:09,1,y,,,n,,,
Cooking,No,https://www.youtube.com/watch?v=0-pfJeofqy0,How to use a bread machine,720p (HD),1:57,2:01,1,y,,"Not exactly cooking, but its clear that this is food related (0:14-0:18, 1:20-1:24, 1:25-1:29, 1:57-2:01, 2:55-2:59, ...)",cut a few seconds in beginning,,X,
Cooking,No,https://www.youtube.com/watch?v=DwPm20e5b9k,How to bake your ice hockey skates from home,720p (HD),9:15,9:19,1,y,,"Face is visible for 1 sec, then he turns toward oven to remove skates. (you can't really tell that he's not actually baking something)",cut a few seconds in beginning,,,
Cooking,No,https://www.youtube.com/watch?v=Ac2DurZ5LJE,Strawberries & Cream macaron ,720p (HD),3:46,3:50,1,y,,Crop logo in top left corner. Mixing,"cut a few seconds in beginning, cropped out logo",,X,
Cooking,No,https://www.youtube.com/watch?v=A9MA3hJr-0E,How to make gingerbread cookies: iJustine cooking,720p (HD),2:02,2:06,1,y,,lighting could be better,cut a few seconds in the beginning,,X,
Cooking,No,https://www.youtube.com/watch?v=XVuxlfuSegY,Easy Arroz con Pollo ,720p (HD),1:40,1:44,1,y,,quality could be better,n,,X,
Cooking,No,https://www.youtube.com/watch?v=7TruDY_h2BQ,Puerto Rican Arroz con Pollo ,480p,5:21,5:25,1,y,,,n,,X,
Cosmetics Grooming,No,https://www.youtube.com/watch?v=ypWVJrgNulk,Brushing my Teeth with a Bottle of Jack,720p (HD),0:26,0:30,1,y,,Brushing teeth,n,,X,
Cosmetics Grooming,No,https://www.youtube.com/watch?v=55UFB5PJMwE,How to brush your teeth with braces!,720p (HD),2:17,2:21,1,y,,Putting toothpaste on toothbrush,cut a few seconds in beginning,,,
Cosmetics Grooming,No,https://www.youtube.com/watch?v=55UFB5PJMwE,How to brush your teeth with braces!,720p (HD),3:43,3:47,1,y,,Brushing teeth (same person as in prev vid),cut a few seconds in beginning,,X,
Cosmetics Grooming,No,https://www.youtube.com/watch?v=3M_cLOZeeBg,brushing teeth in commercial vs real life,720p (HD),0:03,0:07,1,y,,Brushing teeth,cut a few seconds in the beginning,,X,
Cosmetics Grooming,No,https://www.youtube.com/watch?v=ITLYSuwWnwg,Hair tutorial: Curling Short Hair,720p (HD),1:36,1:40,1,y,,Combing hair,cut a few seconds in beginning,,X,
Cosmetics Grooming,No,https://www.youtube.com/watch?v=uc-rrn2SeMU,Big Hair Tutorial - Voluminous Tight Curls - Rissrose2,720p (HD),3:21,3:25,1,y,,Curling hair,n,,,
Cosmetics Grooming,No,https://www.youtube.com/watch?v=uc-rrn2SeMU,Big Hair Tutorial - Voluminous Tight Curls - Rissrose2,720p (HD),4:26,4:30,1,y,,Same person as in prev clip - she is not talking in this clip,cut a few seconds in the beginning,,X,
Cosmetics Grooming,Yes,https://www.youtube.com/watch?v=4Uc-Wh6GRQc,Women BFFs cut each other's hair pt 1,720p (HD),1:13,1:17,2,y,,BuzzFeedVideo,cut a few seconds in the beginning,,X,
Cosmetics Grooming,Yes,https://www.youtube.com/watch?v=bOKYvmKHJ5w,Women BFFs cut each other's hair pt 2,720p (HD),1:38,1:42,2,y,,BuzzFeedVideo,n,,X,
Cosmetics Grooming,Yes,https://www.youtube.com/watch?v=A_NJE7B57Vg,Boyfriends cut their girlfriends' hair,720p (HD),0:48,0:52,2,y,,BuzzFeedVideo,n,,X,
Cosmetics Grooming,Yes,https://www.youtube.com/watch?v=erzXeFu7I_0,Girlfriends cut their boyfriends' hair,720p (HD),1:34,1:38,2,y,,BuzzFeedVideo,cut a few seconds in the beginning,,,
Cosmetics Grooming,Yes,https://www.youtube.com/watch?v=erzXeFu7I_0,Girlfriends cut their boyfriends' hair,720p (HD),1:49,1:53,2,y,,BuzzFeedVideo,"cut a few seconds in the beginning, cropped so faces are more visible",,,
Cosmetics Grooming,Yes,https://www.youtube.com/watch?v=d9pPgU85zB0,Boyfriends braid their girlfriends' hair,720p (HD),2:08,2:12,2,y,,BuzzFeedVideo,cut a few seconds in the beginning,,,
Cosmetics Grooming,Yes,https://www.youtube.com/watch?v=AbnGRri25Uo,My Girlfriend Cuts my Hair,720p (HD),1:23,1:27,2,y,,,n,,X,
Cosmetics Grooming,Yes,https://www.youtube.com/watch?v=iq6N-L3wJmI,Girlfriend cuts my hair,720p (HD),7:32,7:36,2,y,,,n,,X,
Dancing,Yes,https://www.youtube.com/watch?v=q-foGF9KRKs,Zumba Fitness 2015,480p,1:39,1:43,~10,mid,,Quality could be better,cropped so faces are more visible,,,
Dancing,Yes,https://www.youtube.com/watch?v=zVoYbDlpmZg,Kenneth rehearsal video Nashville School of Dance,720p (HD),0:06,0:10,"2 dancing, 2 watching",y in the last second,,,error,,,
Dancing,Yes,https://www.youtube.com/watch?v=IAzoNLyoNm8,Dance moms: Group Dance: Moulin Rouge,720p (HD),0:23,0:27,4,y,,Lifetime logo in corner,cropped so faces are more visible,,X,
Dancing,Yes,https://www.youtube.com/watch?v=l6j3He8dTSY,Wiggle Dance Cover,720p (HD),0:10,0:14,4,y,,,n,,X,
Dancing,Yes,https://www.youtube.com/watch?v=9c18uu_7vHo,Loyal Remix,720p (HD),0:05,0:09,2,y,,Same people as in prev vid,n,,X,
Dancing,Yes,https://www.youtube.com/watch?v=HqFP3bSDae4,Tu Meri (Bang Bang)- Mayank & Group Dance Cover,720p (HD),0:08,0:12,5,y,,,cropped so faces are more visible,,X,
Dancing,Yes,https://www.youtube.com/watch?v=aG31HChdaxE,Good for You Cooldown for Dance Fitness,720p (HD),0:21,0:25,4,y,,,cropped so faces are more visible,,X,
Dancing,No,https://www.youtube.com/watch?v=9PE-Rl8-2gI,Beyonce- Love on Top,720p (HD),0:22,0:26,1,y,,Logo in corner needs to be cropped,cropped out logo,,X,
Dancing,No,https://www.youtube.com/watch?v=s4ftxdz0-5s,Zumba Choreography - Dione Mason Canada,720p (HD),0:35,0:39,1,y,,,cropped so face is more visible,,X,
Dancing ,No,https://www.youtube.com/watch?v=bbqSlHy4RMU,My Own Narnia Experience,480p,2:58,3:02,1,y,,,n,,X,
Dancing ,No,https://www.youtube.com/watch?v=zVoYbDlpmZg,Kenneth rehearsal video Nashville School of Dance,720p (HD),0:39,0:43,4,y,,,cropped so faces are more visible,,,
Dancing ,No,https://www.youtube.com/watch?v=AWRhcXE50QY,ZUMBA SALSA,720p (HD),0:26,0:30,1,y,,,cropped so face is more visible,,X,
Dancing ,No,https://www.youtube.com/watch?v=WPiW8l5YLEA,No Quiero Cuento Choreo,360p,0:13,0:17,1,y,,Quality could be better,cropped so face is more visible,,X,
Dancing ,No,https://www.youtube.com/watch?v=3KlXhOKG_l4,Zumba warm up holiday/celebrate/citric tones zin 59,480p,0:10,0:14,1,y,,Quality could be better,n,,,
Eating,Yes,https://www.youtube.com/watch?v=BnkU5z17AMs,Things Black People Say Out to Dinner,720p (HD),4:20,4:24,5,y,,,cut a few seconds in the beginning,,X,
Eating,No,https://www.youtube.com/watch?v=UZN7lwY6FD4,The Perfect Birthday Dinner Party,720p (HD),23:40,23:44,~10,y,,Logo in top right corner,cropped out logo,This is more nonsocial,X,videos 73-181: row # is same as name_#
Eating,Yes,https://www.youtube.com/watch?v=Ip4GPyAEPYE,The Dinner Party,720p (HD),0:00,0:04,3,y,,,n,,X,
Eating,Yes,https://www.youtube.com/watch?v=o-M7AnRRHxo,Dinner Party at my Place,720p (HD),3:02,3:06,~10,y,,"Video is sped up, playback at 0.5","25% speed, cut, cropped",,X,
Eating,Yes,https://www.youtube.com/watch?v=MpZYiQIhgqY,Vegan Dinner Party,720p (HD),1:47,1:51,~5,y,,,cropped so faces are more visible,,X,
Eating,Yes,https://www.youtube.com/watch?v=U7kZniEcyZI,The Dinner (African Cherries),720p (HD),1:56,2:00,3,y,,Not a continuous clip,"cut a few seconds at the end, cropped so faces are more visible",,X,
Eating,No,https://www.youtube.com/watch?v=UtM9h21CFpU,Trying new food (March 12th 2011),720p (HD),6:39,6:43,1,y,,Camera is shaking,n,,,
Eating,No,https://www.youtube.com/watch?v=UtM9h21CFpU,Trying new food (March 12th 2011),720p (HD),6:50,6:54,1,y,,Close to face,n,,,
Eating,No,https://www.youtube.com/watch?v=UtM9h21CFpU,Trying new food (March 12th 2011),720p (HD),8:44,8:48,1,y,,Camera is shaking (same person as 6:39-6:43),n,,,
Eating,No,https://www.youtube.com/watch?v=YwY8bSdxUac,Asian Food,720p (HD),4:14,4:19,1,y,,Begins talking at end of clip,cut a few seconds in the beginning,,X,
Eating,No,https://www.youtube.com/watch?v=ggQOHj0DmBU,Trying new food: Totally Callum ,720p (HD),1:45,1:50,1,y,,,cut a few seconds in the beginning,,,
Eating,No,https://www.youtube.com/watch?v=ggQOHj0DmBU,Trying new food: Totally Callum ,720p (HD),3:13,3:18,1,y,,"Same person as 1:45-1:50, pick better one",cut a few seconds in the beginning,,,
Eating,No,https://www.youtube.com/watch?v=6iZxtrcJZTk,Spice 6 Modern Indian Restaurant review,720p (HD),1:09,1:13,1,y,,Her head is cut off a little,cut a few seconds in the beginning,,,
Eating,No,https://www.youtube.com/watch?v=6iZxtrcJZTk,Spice 6 Modern Indian Restaurant review,720p (HD),2:46,2:50,1,y,,her forehead is cut off,cut a few seconds in the beginning,,X,
Eating,No,https://www.youtube.com/watch?v=asOY54vSOFI,Trying New Foods,720p (HD),6:00,6:04,1,y,,,n,,X,
Eating,No,https://www.youtube.com/watch?v=F2szrG8utoU,Gross! Trying New Foods,720p (HD),5:56,6:00,1,y,,,n,,,
Eating,No,https://www.youtube.com/watch?v=n-SGoKdO3MY,Healthy Snacks! Taste-test and unboxing,720p (HD),3:51,3:55,1,y,,Choose from these 3 clips,cut a few seconds in the beginning and at end,,,
Eating,No,https://www.youtube.com/watch?v=n-SGoKdO3MY,Healthy Snacks! Taste-test and unboxing,720p (HD),5:23,5:27,1,y,,,cut a few seconds in the beginning,,,
Eating,No,https://www.youtube.com/watch?v=n-SGoKdO3MY,Healthy Snacks! Taste-test and unboxing,720p (HD),6:16,6:20,1,y,,,n,,X,
Eating,No,https://www.youtube.com/watch?v=vimZwEHoraI,Trying Indian Food for the First time,720p (HD),0:41,0:45,1,y,,camera is tilted,cut a few seconds at the end,,RENAMED: eating_72,
Exercising,Yes,https://www.youtube.com/watch?v=R4CjAySEftk,Why Do People Drink So Much Damn Water at the Gym!,720p (HD),0:28,0:32,2,y,,"At the end of clip, one person puts down weights and starts drinking water",cut a few seconds at the end,,X,
Exercising,Yes,https://www.youtube.com/watch?v=Tzmq5saQ9OE,City Art Film2,720p (HD),2:01,2:05,2,y,,,n,,X,
Exercising,Yes,https://www.youtube.com/watch?v=l4aIBNqAXhU,Bob Harper talks CrossFit,720p (HD),3:29,3:33,2,y,,other people are in periphery,cut a few seconds in the beginning,,,
Exercising,Yes,https://www.youtube.com/watch?v=qiGpZvNaZ3Y,Prince George Senior's Community Park,720p (HD),2:08,2:12,2,y,,another person is present & talking while the 2 women exercise,n,,X,
Exercising,Yes,https://www.youtube.com/watch?v=qiGpZvNaZ3Y,Prince George Senior's Community Park,720p (HD),3:09,3:13,4,y,,People are stretching,cropped so faces are more visible,,,
Exercising,Yes,https://www.youtube.com/watch?v=ss4kE1F5Bok,CrossFit Workout with Weights,720p (HD),3:08,3:12,2,y,,Logo in bottom right and countdown in top left need to be cropped out,cropped out logo,,,
Exercising,Yes,https://www.youtube.com/watch?v=ss4kE1F5Bok,CrossFit Workout with Weights,720p (HD),9:18,9:22,3,y,,Logo in bottom right and countdown in top left need to be cropped out - easier to crop in these 4 secs. Choose between this and prev vid.,cropped out logo,,X,
Exercising,Yes,https://www.youtube.com/watch?v=zZxesAnica8,40-minute Metabolism boosting workout,720p (HD),8:13,8:17,3,y,,"One woman is the same as in prev vid. This is 40 min long - if this clip isn't good, keep watching!",cropped out logo,,X,
Exercising,Yes,https://www.youtube.com/watch?v=wLC7a1XuPxU,Namaste away your heartbreak with this yoga flow ,720p (HD),0:34,0:38,3,y,,,cropped out logo,,,
Exercising,No,https://www.youtube.com/watch?v=77VuIh_tFr0,Women's Leg Workout Routine,720p (HD),0:33,0:37,1,y,,Part of head is not visible in shot,cut a few seconds in the beginning,,,
Exercising,No,https://www.youtube.com/watch?v=77VuIh_tFr0,Women's Leg Workout Routine,720p (HD),2:46,2:50,1,y,,Same woman as in prev &next vid: choose 1,n,,X,
Exercising,No,https://www.youtube.com/watch?v=77VuIh_tFr0,Women's Leg Workout Routine,720p (HD),3:58,4:02,1,y,,Same woman as in prev 2 vids: choose 1,cut a few seconds in the beginning,,,
Exercising,No,https://www.youtube.com/watch?v=iZUioIpaGag,Metamorphosis Ep. 17 POV Shots At LA Fitness Andre Caoili Powerbuilding,720p (HD),3:50,3:54,2,y,,Other people in background,n,,X,
Exercising,No,https://www.youtube.com/watch?v=bUGAVjwQHgw,Love What You Hate [Mindset] 2016 Motivation,720p (HD),3:41,3:45,1,y,,,n,,,
Exercising,No,https://www.youtube.com/watch?v=bUGAVjwQHgw,Love What You Hate [Mindset] 2016 Motivation,720p (HD),6:26,6:30,1,y,,Different person than in prev clip,n,,X,
Exercising,No,https://www.youtube.com/watch?v=Tzmq5saQ9OE,City Art Gym Film2,720p (HD),0:58,1:02,1,y,,,n,,,
Exercising,No,https://www.youtube.com/watch?v=Tzmq5saQ9OE,City Art Gym Film2,720p (HD),1:06,1:10,1,y,,Face is visible from side. Different person than in last clip. ,n,,X,
Exercising,No,https://www.youtube.com/watch?v=GFfkaxK1dy0,How to Powerclean for CrossFit,720p (HD),1:54,1:58,1,y,,,cut a few seconds in the beginning,,,
Exercising,No,https://www.youtube.com/watch?v=uhSdVJKCGJQ,Racnea Viorel - Motivational Video,720p (HD),1:27,1:31,1,y,,Choose between these 3 clips,cut a few seconds in the beginning,,,
Exercising,No,https://www.youtube.com/watch?v=uhSdVJKCGJQ,Racnea Viorel - Motivational Video,720p (HD),2:31,2:35,1,y,,Choose between these 3 clips,n,,X,
Exercising,No,https://www.youtube.com/watch?v=uhSdVJKCGJQ,Racnea Viorel - Motivational Video,720p (HD),3:03,3:07,1,y,,Choose between these 3 clips,cropped so face is more visible,,,
Exercising,No,https://www.youtube.com/watch?v=qiGpZvNaZ3Y,Prince George Senior's Community Park,720p (HD),1:48,1:52,1,y,,,cut a few seconds in the beginning,,,
Exercising,No,https://www.youtube.com/watch?v=qiGpZvNaZ3Y,Prince George Senior's Community Park,720p (HD),1:56,2:00,1,y,,Different person than in prev clip,n,,,
Gardening,No,https://www.youtube.com/watch?v=pZWRfLGqH1M,Pruning and Staking Tomatoes - Perfect Techniques,720p (HD),5:55,5:59,1,y,,,n,,X,
Gardening,No,https://www.youtube.com/watch?v=pZWRfLGqH1M,Pruning and Staking Tomatoes - Perfect Techniques,720p (HD),8:57,9:01,1,y,,face is more visible in this clip,cut a few seconds in the beginning,,,
Gardening,No,https://www.youtube.com/watch?v=eHpyp_ZYHDE,How to cut Tomato Leaves to Produce More Fruit,720p (HD),0:16,0:20,1,y,,,n,,X,
Gardening,No,https://www.youtube.com/watch?v=A80eMz7rJUM,How to Prune Tomato Plants?,720p (HD),0:18,0:22,1,y,,"quality. 1:00-1:04,",n,,X,
Gardening,No,https://www.youtube.com/watch?v=Ybzdyu7HFX8,How to Plant Wildflower Seed for Early Spring Flowers,720p (HD),0:47,0:51,1,y,,,n,,,
Gardening,No,https://www.youtube.com/watch?v=9W11fWbsShM,Bell Peppers - Two Years of Production,720p (HD),0:49,0:53,1,y,,,cropped so face is more visible,,X,
Gardening,No,https://www.youtube.com/watch?v=CtyLP5e4Hcw,How to grow hot peppers. Tips on growing hot peppers. Growing chiles 101 for newer gardeners,720p (HD),9:39,9:43,1,y,,quality,cut a few seconds in the beginning,,,
Gardening,No,https://www.youtube.com/watch?v=2637Ga0YUgM,How to grow potatoes in a container,720p (HD),1:20,1:24,1,y,,woman is pouring soil from one container to another. 2:36-2:40,cut a few seconds at the end,,,
Gardening,No,https://www.youtube.com/watch?v=MqNw9fFwvq0,9.4 Planting Potatoes,720p (HD),0:58,1:02,1,y,,,cropped so face is more visible,,X,
Hugging/Kissing,Yes ,https://www.youtube.com/watch?v=42cWfP-eBc8,FRAmoments - goodbye,720p (HD),0:08,0:12,2,y,,Hugging,cut a few seconds in the beginning,,X,
Hugging/Kissing,Yes ,https://www.youtube.com/watch?v=42cWfP-eBc8,FRAmoments - goodbye,720p (HD),0:13,0:17,2,y,,people are walking around in the background. Different people than in prev clip.,cropped so faces are more visible,,X,
Hugging/Kissing,Yes ,https://www.youtube.com/watch?v=np03NOIgs94,Dropping Ashly Off at the Airport,720p (HD),2:54,2:58,2,y,,Kissing,n,,X,
Hugging/Kissing,Yes ,https://www.youtube.com/watch?v=RIuJglal9cQ,Hugs at the airport - Happy and Sad Moments,720p (HD),0:32,0:36,2,y,,one person's face is not visible,"cut a few seconds in the beginning, cropped out logo",,X,
Hugging/Kissing,Yes ,https://www.youtube.com/watch?v=RIuJglal9cQ,Hugs at the airport - Happy and Sad Moments,720p (HD),1:09,1:13,2,y,,,"cut a few seconds in the beginning, cropped out logo",,,
Hugging/Kissing,Yes ,https://www.youtube.com/watch?v=RIuJglal9cQ,Hugs at the airport - Happy and Sad Moments,720p (HD),1:45,1:49,2,y,,one person's back is to the camera,"cut a few seconds in the beginning, cropped out logo",,,
Hugging/Kissing,Yes ,https://www.youtube.com/watch?v=RIuJglal9cQ,Hugs at the airport - Happy and Sad Moments,720p (HD),1:59,2:03,2,y,,,cropped out logo,,X,
Hugging/Kissing,Yes ,https://www.youtube.com/watch?v=mQUz9F8SkA8,Lina and Jon's First Hug,720p (HD),3:34,3:38,2,y,,Camera is moving around,cut a few seconds at the end,,,
Phone/Laptop,No,https://www.youtube.com/watch?v=PkzRSOnfpvo,90s Arts and Crafts,720p (HD),4:27,4:31,1,y,,,cut a few seconds in the beginning,,,
Phone/Laptop,No,https://www.youtube.com/watch?v=PkzRSOnfpvo,90s Arts and Crafts,720p (HD),4:32,4:36,1,y,,Different person than in previous clip,cut a few seconds in the beginning,,X,
Phone/Laptop,No,https://www.youtube.com/watch?v=ShifUzTe31s,Babysitting Nightmare,720p (HD),0:24,0:28,1,y,,girl becomes clearly annoyed at the end of the clip,cut a few seconds in the beginning,,X,
Phone/Laptop,No,https://www.youtube.com/watch?v=lCBF659RMtg,Speaking English - How to answer the phone,720p (HD),1:51,1:55,1,y,,"In background on a white board: ""Phone Expressions"" along with list of phrases",cut so face is more visible,,X,
Phone/Laptop,No,https://www.youtube.com/watch?v=VfglZjilzVo,Talking on the phone at home,720p (HD),1:03,1:07,1,y,,,cropped so face is more visible,,,
Phone/Laptop,No,https://www.youtube.com/watch?v=VfglZjilzVo,Talking on the phone at home,720p (HD),1:12,1:16,1,y,,Same person as in prev clip - choose one,"cut a few seconds in the beginning and at the end, cropped so face is more visible",Too short,,
Phone/Laptop,No,https://www.youtube.com/watch?v=9QAFVspTpOU,Why I hate talking on the phone,720p (HD),3:27,3:31,1,y,,,n,,,
Phone/Laptop,No,https://www.youtube.com/watch?v=9QAFVspTpOU,Why I hate talking on the phone,720p (HD),4:32,4:36,1,y,,Same person as in prev clip - choose one,cut a few seconds in the beginning,,,
Phone/Laptop,No,https://www.youtube.com/watch?v=9QAFVspTpOU,Why I hate talking on the phone,720p (HD),4:39,4:43,1,y,,Same person as prev but with diff hair,cut a few seconds in the beginning,,X,
Playing instrument,No,https://www.youtube.com/watch?v=olxLgSiz5Fg,Freestyle - Strat69,720p (HD),1:14,1:19,1,y,,,n,,X,
Playing instrument,No,https://www.youtube.com/watch?v=X1M5QDtk93U,Wayne Davis and his Peavey T60,480p,0:40,0:44,1,y,,Quality,n,,,
Playing instrument,No,https://www.youtube.com/watch?v=zEzJwuzKvAs,peavey T60 what to look for in an electric guitar,720p (HD),3:02,3:06,1,y,,,n,,X,
Playing instrument,No,https://www.youtube.com/watch?v=g2M7Frp85Ck,Black kid playing heavy metal on guitar in New York,720p (HD),2:40,2:44,2,y,,Drummer in background is not very visible,cropped so faces are more visible,,,
Playing instrument,No,https://www.youtube.com/watch?v=iBqfoQ6eSf4,"How to play ""Zombie"" by The Cranberries on Guitar",720p (HD),0:12,0:16,1,y,,,cropped out logo,,,
Playing instrument,No,https://www.youtube.com/watch?v=Vnr173gtRe4,Kamil Skicki - Another Extreme Solo,720p (HD),0:05,0:09,1,y,,,n,,X,
Playing instrument,No,https://www.youtube.com/watch?v=MUEJMp6pbiA,Electric violin/Acoustic violin Differences and Review,720p (HD),6:54,6:58,1,y,,,n,,,
Playing instrument,No,https://www.youtube.com/watch?v=B2HIj_QWaG0,Amazing Russian Street Performer plays beautiful violin music,720p (HD),0:04,0:08,1,y,,,n,,,
Playing instrument,No,https://www.youtube.com/watch?v=y_cxqXWEYNg,Violin Player on Michigan Avenue in Chicago,720p (HD),0:12,0:16,1,y,,,n,,X,
Playing instrument,No,https://www.youtube.com/watch?v=ESwPHXkyL9M,Hip Hop Medley performed by Josh Vietti,720p (HD),0:06,0:10,1,y,,,"cut a few seconds at the end, cropped so face is more visible",,,
Playing instrument,No*,https://www.youtube.com/watch?v=YOZFOAJ13eI,Crazy Good Street Performer - Amazing Piano Busker,720p (HD),0:02,0:06,1,y,,There is an audience around the piano,cropped out sign,,X,
Teaching,Yes,https://www.youtube.com/watch?v=RtoiCaOW5ho,How to teach in an active learning classroom,720p (HD),0:25,0:29,~10,y,,camera is focused on 2 people,cropped so faces are more visible,,X,
Teaching,Yes,https://www.youtube.com/watch?v=RtoiCaOW5ho,How to teach in an active learning classroom,720p (HD),6:22,6:26,~10,y,,Teacher's back is to the camera,cut a few seconds in the beginning,,,
Teaching,Yes,https://www.youtube.com/watch?v=5zhFl5PFyhw,"CATS College Cambridge, Private School for International Students - Case Study",720p (HD),0:31,0:35,~10,y,,,cut a few seconds in the beginning,,X,
Teaching,Yes,https://www.youtube.com/watch?v=aaweXw03kQI,Whole Brain Teaching - Grade 1 Classroom,720p (HD),0:49,0:53,~10,y,,,cut a few seconds at the end ,,X,
Teaching,Yes,https://www.youtube.com/watch?v=aaweXw03kQI,Whole Brain Teaching - Grade 1 Classroom,720p (HD),2:04,2:08,~10,y,,Same people as in prev clip - choose one,cropped so faces are more visible,,,
Teaching,Yes,https://www.youtube.com/watch?v=aaweXw03kQI,Whole Brain Teaching - Grade 1 Classroom,720p (HD),2:10,2:14,~10,y,,Same people as in prev clip - choose one,cropped so faces are more visible,,,
Teaching,Yes,https://www.youtube.com/watch?v=-YvIR7M34nk,Inquiry into Teaching and Learning: Classroom Observation,720p (HD),8:18,8:22,~10,y,,,n,,X,
Teaching,Yes,https://www.youtube.com/watch?v=pgk-719mTxM,"Classroom Management - Week 1, Day 1",720p (HD),18:19,18:23,4,y,,"Teacher's face is visible, the backs of students' heads are visible",n,,X,
Teaching,Yes,https://www.youtube.com/watch?v=pgk-719mTxM,"Classroom Management - Week 1, Day 1",720p (HD),28:24,28:28,6,y,,Same people as in prev vid - choose one,n,,,
Teaching,Yes,https://www.youtube.com/watch?v=pgk-719mTxM,"Classroom Management - Week 1, Day 1",720p (HD),33:06,33:10,,y,,Same people as in prev vid - choose one,"cut a few seconds in the beginning, cropped so faces are more visible",,,
Using Tools,Yes,https://www.youtube.com/watch?v=FGYjx7dZwEs,Using a two-man auger,720p (HD),0:15,0:19,2,y,,,cropped so faces are more visible,,X,
Using Tools,Yes,https://www.youtube.com/watch?v=Ht1zXdFPNi0,How to use an Auger,720p (HD),1:55,1:59,2,y,,faces visible from the side,cut a few seconds in the beginning and at the end,,,
Using Tools,Yes,https://www.youtube.com/watch?v=KHeknr5-aGI,Danny's Deck Day 2,480p,0:44,0:48,2,y,,quality could be better,cropped so faces are more visible,,X,
Using Tools,Yes,https://www.youtube.com/watch?v=I7IFFbP4NkU,Learning to use a two-person crosscut saw,720p (HD),0:16,0:20,2,y,,"one person's back is to the camera. There are many people watching who are facing the camera. face is visible from side. 1:26-1:30, 1:56-2:00, 3:06-3:10, ",cropped so faces are more visible,,,
Using Tools,Yes,https://www.youtube.com/watch?v=0xd-Q9KAmcU,Crosscut saw felling timber,720p (HD),1:27,1:31,2,y,,,cropped out logo,,X,
Using Tools,No,https://www.youtube.com/watch?v=0xd-Q9KAmcU,Crosscut saw felling timber,720p (HD),1:50,1:54,1,y,,Same person as in last clip: Choose one clip,"cropped out logo, cut a few seconds at the end",,,
Using Tools,Yes,https://www.youtube.com/watch?v=aTrxkPaTW8M,Two man buck saw demonstration,720p (HD),0:14,0:18,2,y,,,n,,X,
Using Tools,Yes,https://www.youtube.com/watch?v=ROeXFW3kePQ,Two-man saw,720p (HD),0:01,0:05,2,y,,One person's face is not visible,n,,X,
Using Tools,No,https://www.youtube.com/watch?v=cq48ZA-cWc4,"What's the difference between a drill, impact driver, and a power screwdriver",720p (HD),0:50,0:54,1,y,,,n,,X,
Using Tools,No,https://www.youtube.com/watch?v=r7yLMN-nMu0,DIY Hacks - 8 money saving handyman and woodworking hacks,720p (HD),0:29,0:33,1,y,,Clip shows man screwing in the drill bit,n,,,
Using Tools,No,https://www.youtube.com/watch?v=r7yLMN-nMu0,DIY Hacks - 8 money saving handyman and woodworking hacks,720p (HD),0:38,0:42,1,y,,Same person as in prev clip - choose one. This clip shows him actually using the screwdriver.,n,,X,
Using Tools,No,https://www.youtube.com/watch?v=UTX3o6qK7u8,Splined/Keyed Mitre Sledge Box - Building and using on a table saw,720p (HD),8:26,8:30,1,y,,,n,,X,
Using Tools,No,https://www.youtube.com/watch?v=-rgxwSLXT7k,2/40 Welding tools - Welding for Woodworkers,720p (HD),2:19,2:23,1,y,,,cropped out logo,,,
Using Tools,No,https://www.youtube.com/watch?v=-rgxwSLXT7k,2/40 Welding tools - Welding for Woodworkers,720p (HD),2:26,2:30,1,y,,Same person as in prev clip - choose one,cropped out logo,,,
Using Tools,No,https://www.youtube.com/watch?v=TU3V3MdkaJg,Woodworking: Power tools: Why you need a scroll saw,720p (HD),3:24,3:28,1,y,,Logo in bottom left corner,cropped out logo,,,
Using Tools,No,https://www.youtube.com/watch?v=TU3V3MdkaJg,Woodworking: Power tools: Why you need a scroll saw,720p (HD),3:33,3:37,1,y,,Same person as in prev clip - choose one,cropped out logo,,,
Using Tools,No,https://www.youtube.com/watch?v=yQSeNzaa96c,Miter Saw Basics,720p (HD),2:16,2:20,1,y,,Choose between these 3 clips,cut a few seconds in the beginning,,,
Using Tools,No,https://www.youtube.com/watch?v=yQSeNzaa96c,Miter Saw Basics,720p (HD),3:06,3:10,1,y,,Choose between these 3 clips,n,,,
Using Tools,No,https://www.youtube.com/watch?v=yQSeNzaa96c,Miter Saw Basics,720p (HD),3:11,3:15,1,y,,Choose between these 3 clips,n,,X,
Using Tools,No,https://www.youtube.com/watch?v=yvYjTEpw1BY,Circular Saw - A must have tool,720p (HD),2:30,2:34,1,y,,,n,,X,
Eating,Yes,https://www.youtube.com/watch?v=HXeoocekTro,VLOG: My little Raw Vegan Thanksgiving just fun with family,720p (HD),2:18,2:24,2,y,,,,,X,
Eating,Yes,https://www.youtube.com/watch?v=Z46q35tDf4o,Comfort 101: The Art of the Dinner Party,720p (HD),2:59,3:05,4,y,,,,,,
Phone/Laptop,No,https://www.youtube.com/watch?v=mja0wigW3ao,Best Laptop for College Students in 2016? 11 Greatest Models,720p (HD),11:58,12:05,1,y,,,,,,
Dancing,No,https://www.youtube.com/watch?v=eN6JjTSGl-I,Cuban Contemporary Dance Technique,720p (HD),12:02,12:09,1,,,,,,,